0,1,2,3,4,5,6,7,8,9
1.49836523120228,1.0613698809069274,0.21990201142932098,1.138873733071672,0.7284728859684367,1.0558933194331501,-0.824450653168863,0.7110377347763364,0.5474819669350317,-0.061448959390221054
-0.22885821922326524,1.0613698809069274,-0.41936607120815117,-0.7105910494587964,-0.4249289025350754,0.27242452366132136,-1.529790554910477,1.484285795084553,-0.019756532913882432,0.3672364687668624
0.08518240812683231,-0.9421786108585558,1.0189871147261615,1.9924728634703501,-0.3095887236847238,-0.32669867310536677,-0.11911075142724886,-0.0622103255318783,0.33123660343273664,-0.3186602162844728
-0.6214090034108893,-0.9421786108585558,-0.7846621184295651,-0.6394577885922411,-1.1746400650623579,-1.2155078111658455,0.6646002505078749,-0.835458385840095,-1.069682168064916,-2.7192986139641495
-0.542898846573365,-0.9421786108585558,-1.4239302010670394,-1.706456701590589,-0.7997844837987178,-1.1101674688771954,1.291569052055975,-1.6087064461483138,-0.8028586745289871,-0.9188198157043921
0.006672251289307909,-0.9421786108585558,-0.8759861302349186,-2.1097822907039645,-0.5979391708106018,-0.6163846143991532,0.9780846512819238,-1.059700323329478,-1.456175425869105,-2.7192986139641495
0.32071287863940545,-0.9421786108585558,0.4025500350400279,0.42754112440610686,-0.2807536789721364,-0.26086095917496205,-0.11911075142724886,-0.0622103255318783,0.25336536926774333,0.7959218969239458
0.1636925649643567,1.0613698809069274,1.4299451678502522,1.2100069939382274,0.382452349417382,-0.47154164375225993,-0.9811928535558886,0.7110377347763364,2.1373529978036245,1.481818581975283
-0.22885821922326524,-0.9421786108585558,0.7678460822614396,-0.8528575711919112,-0.5114340366728397,-0.06334781738374597,-0.9028217533623769,0.32441370462222796,-0.13312788853644142,0.5387106400296962
-1.7205511991362372,-0.9421786108585558,-0.39653506825681284,-0.2837914842594585,0.007596768153741708,-0.2674447305680019,1.5266823526365123,-0.835458385840095,-0.8876008999438295,-1.947664843281397
1.1843246038521802,-0.9421786108585558,-1.4924232099210546,-1.4453976342103263,0.007596768153741708,-0.004093874846379043,0.9780846512819238,-0.7967959828246842,-1.0379992639683744,-0.061448959390221054
0.8702839765020804,1.0613698809069274,0.37971903208868746,1.2100069939382274,-0.10774341069660993,-0.03701273181158242,-0.5893373525883256,-0.0622103255318783,0.6276435315166413,0.11002521187261068
0.006672251289307909,1.0613698809069274,-1.2641131804076708,-0.9239908320584664,-2.0108563617274045,-0.9719082696233441,-2.0783882562650655,0.7110377347763364,-1.306349644448715,-1.5189794151243114
0.6347535059895052,-0.9421786108585558,2.183368265244418,1.5656732982710102,-0.22308358954695948,-0.22135833081671885,-1.216306154136426,0.7110377347763364,1.1702609793869192,0.71018481129253
-1.4065105717861377,1.0613698809069274,-1.7207332394344381,-0.14152496252634375,-1.4918255569008254,-1.380102095991858,-0.1974818516207627,-0.835458385840095,-0.40472290377365766,-1.1760310725986418
1.4198550743647533,1.0613698809069274,0.4025500350400279,-0.14152496252634375,0.44012243884255675,0.5686942363481475,-0.040739651233737136,-0.0622103255318783,0.1554537439573508,0.02428812624119274
-2.034591826486337,-0.9421786108585558,-0.898817133186257,-0.4260580059925711,-1.4341554674756485,-1.650036723106523,0.8997135510884121,-1.6087064461483138,-0.8876008999438295,-2.033401928912813
0.5562433491519808,1.0613698809069274,-0.7846621184295651,0.6409409070057748,-0.22308358954695948,0.04857629629794384,-0.1974818516207627,-0.0622103255318783,-0.33868504342785716,-1.090293986967226
0.8702839765020804,1.0613698809069274,-0.9673101420402721,1.2811402548047848,-0.07890836598402044,0.35801355177084976,-0.27585295181427444,-0.0622103255318783,-0.7482724662662706,0.1957622975040286
0.47773319231445643,-0.9421786108585558,0.37971903208868746,-0.2837914842594585,1.7665344956215976,0.8320450920697705,1.3699401522494867,-0.0622103255318783,1.3574954909453911,0.9673960681867817
0.32071287863940545,-0.9421786108585558,0.5167050497967197,1.1865330178522648,-1.2611451992001221,-0.9126543270859793,-0.27585295181427444,-0.7194711767938625,-1.1017467938975583,-0.5758714731787246
1.4198550743647533,1.0613698809069274,-0.8074931213809036,-1.7775899624571463,-0.13657845540919733,0.43043503709429637,-1.137935053942914,0.7110377347763364,-0.0014338895809428462,0.6244477256611121
-0.15034806238574086,-0.9421786108585558,0.8591700940667951,0.9966072113385573,0.5266275729803209,-0.4847091865383417,1.605053452830026,-0.835458385840095,1.069104719319649,0.5387106400296962
1.341344917527229,-0.9421786108585558,-1.104296159748302,2.2058726460700204,0.6708027965432599,0.42385126570125436,-0.3542240520077883,0.48679579728695344,1.189728787928166,0.7959218969239458
0.1636925649643567,-0.9421786108585558,1.1331421294828534,-0.14152496252634375,1.2186686460824288,0.957136748537542,-0.040739651233737136,0.4790633166838713,1.1404866839708911,2.16771526702662
0.32071287863940545,1.0613698809069274,0.2655640173319956,0.0007415592067668171,0.036431812866327,-0.43203901539401673,-0.6677084527818373,0.7110377347763364,1.5441574198997128,0.7959218969239458
-1.9560816696488126,-0.9421786108585558,-0.28238005350012096,-0.7817243103253538,0.2671121705670303,0.5423591507759862,-0.7460795529753512,0.7110377347763364,0.4495703416246371,-0.23292313065305484
-0.8569394739234646,-0.9421786108585558,-0.2595490505487847,-0.7817243103253538,-0.7709494390861282,-0.3925363870357735,-0.5893373525883256,-0.0622103255318783,-0.40472290377365766,-0.4043973019158887
-1.642041042298713,1.0613698809069274,-0.23671804759744425,0.2852746026729921,-0.7709494390861282,-0.4386227867870586,-0.27585295181427444,-0.0622103255318783,-0.7215519447390681,0.1957622975040286
-1.5635308854611865,-0.9421786108585558,-0.12256303284075243,-0.8528575711919112,-1.3764853780504738,-1.6368691803204412,1.1348268516689495,-1.6087064461483138,-1.1017467938975583,-0.7473456444415583
0.2422027218018811,-0.9421786108585558,0.2883950202833361,-0.7105910494587964,0.8726481095313738,0.6937858928159193,-0.040739651233737136,-0.0622103255318783,0.9181337726909496,-1.4332423294928935
-0.15034806238574086,-0.9421786108585558,0.471043043894043,0.14300808093987946,-0.7132793496609534,-0.8007302134042895,0.5078580501208493,-0.835458385840095,-0.36044318238572026,-0.3186602162844728
-0.7784293170859381,-0.9421786108585558,-0.8303241243322418,-1.279657136391249,0.44012243884255675,0.9308016629653786,-0.27585295181427444,-0.0622103255318783,-0.6692560668929703,-1.5189794151243114
0.8702839765020804,1.0613698809069274,-0.7161691095755521,-0.4971912668591284,-1.030464841499419,-0.8270652989764509,0.6646002505078749,-0.835458385840095,-2.6656607467111515,0.2814993831354445
0.1636925649643567,1.0613698809069274,0.3568880291373512,0.7832074287388895,0.382452349417382,0.23950566669612008,0.42948694992733544,-0.0622103255318783,0.3159677339886202,-0.4043973019158887
0.8702839765020804,1.0613698809069274,-0.37370406530547656,0.33293388745358493,-0.7709494390861282,-0.27402850196104384,-0.5109662523948139,-0.24005737940276814,-1.0070798033440371,0.2814993831354445
1.4198550743647533,1.0613698809069274,-0.16822503874342914,1.2811402548047848,-0.8862896179364799,-1.998976606937672,1.1348268516689495,-1.6087064461483138,1.218739639871987,1.0531331538181974
-0.15034806238574086,-0.9421786108585558,0.1514090025753037,-1.066257353791579,0.5554626176929084,1.009806919681865,-0.9028217533623769,1.484285795084553,0.2848574124962351,0.02428812624119274
0.47773319231445643,1.0613698809069274,-0.8303241243322418,-0.9951240929250238,-1.8955161828770553,-1.5710314663900342,-0.6677084527818373,-0.835458385840095,-0.6692560668929703,-0.3186602162844728
0.7132636628270317,1.0613698809069274,-0.23671804759744425,1.2100069939382274,-0.7421143943735407,-0.14235307410023243,-1.6081616551039888,1.484285795084553,0.2050775696507278,-0.4901343875473066
-2.3486324538364367,-0.9421786108585558,-1.6750712335317615,-0.5683245277256838,-1.8666811381644657,-2.005560378330714,0.586229150314361,-1.6087064461483138,-0.9168026127557007,-0.14718604502163898
1.341344917527229,1.0613698809069274,-0.07690102693807781,1.3522735156713424,1.9107097191845366,2.3068098841108577,0.5078580501208493,0.3630761076376388,-0.7753747095295778,0.02428812624119274
0.32071287863940545,-0.9421786108585558,-0.9901411449916104,-1.2085238755246939,-0.7132793496609534,-1.1167512402702353,1.605053452830026,-1.6087064461483138,-0.9168026127557007,0.7959218969239458
0.39922303547693205,1.0613698809069274,0.9276631029208102,0.593281622225182,-1.2899802439127097,-1.1562538686284805,-1.529790554910477,0.556388122714693,0.9293945639059877,0.7959218969239458
0.6347535059895052,1.0613698809069274,0.6536910675047478,0.9966072113385573,-0.828619528511305,-0.8994867842998975,-1.4514194547169654,0.7110377347763364,1.2939388218842593,0.02428812624119274
1.576875388039804,-0.9421786108585558,1.7724102121203278,1.2811402548047848,0.32478225999220717,0.292175837840443,0.35111584973382365,-0.0622103255318783,0.10449389218761229,1.7390298388695349
-1.2494902581110887,1.0613698809069274,-0.2595490505487847,0.49867438527266217,0.49779252826773357,0.858380177641932,-0.824450653168863,0.7110377347763364,0.40605406370890657,1.1388702394496155
0.47773319231445643,-0.9421786108585558,2.2975232800011103,1.2811402548047848,0.2959472152796177,-0.6756385569365179,-0.5109662523948139,0.4249359524622961,2.052419911520728,0.45297355439827824
0.006672251289307909,1.0613698809069274,-0.16822503874342914,-0.4260580059925711,-0.1942485448343721,0.12099778162138833,-0.824450653168863,0.7110377347763364,0.2848574124962351,1.9962410957637844
-0.15034806238574086,1.0613698809069274,-0.00840801808406271,-1.7775899624571463,-0.22308358954695948,-0.33328244449840866,1.0564557514754376,-0.835458385840095,-0.8876008999438295,-1.861927757649979
1.576875388039804,-0.9421786108585558,2.3888472918064636,0.5698076461392194,0.5266275729803209,0.5423591507759862,0.42948694992733544,-0.0622103255318783,-0.03827003711487217,-0.14718604502163898
-1.877571512811286,1.0613698809069274,-0.898817133186257,-0.7105910494587964,-1.6936708698889393,-1.445939809922265,-0.11911075142724886,-0.835458385840095,-1.2357311232696775,-0.9188198157043921
0.08518240812683231,1.0613698809069274,0.33405702618601285,0.6409409070057748,2.689255926424409,2.6952523963002517,-0.4325951522013,1.484285795084553,1.2847775002177872,0.2814993831354445
0.006672251289307909,1.0613698809069274,1.224466141288207,-0.07039170165978847,1.305173780220193,1.3455792607269366,-1.216306154136426,2.2575338553927695,1.4189526904579608,2.5964006951837044
-1.642041042298713,-0.9421786108585558,-1.0129721479429488,-0.9239908320584664,-0.5979391708106018,-0.47154164375225993,0.35111584973382365,-0.835458385840095,-0.858971769736113,-0.4901343875473066
-0.6214090034108893,-0.9421786108585558,0.973325108823485,-0.9951240929250238,0.7284728859684367,1.220487604259165,-1.6865327552975027,2.7214826915776995,0.9181337726909496,2.682137780815122
0.6347535059895052,-0.9421786108585558,0.08291599372128865,0.2141413418064368,1.6511943167712457,1.6550165161998422,-0.9028217533623769,2.2575338553927695,1.3574954909453911,0.3672364687668624
0.1636925649643567,-0.9421786108585558,-0.6933381066242117,0.42754112440610686,0.18060703642926812,0.20000303833787478,0.11600254915328631,-0.0622103255318783,0.1720586394778265,0.1957622975040286
-0.07183790554821648,-0.9421786108585558,1.110311126531515,-1.3984496820383991,1.535854137920894,1.2073200614730832,-0.9028217533623769,1.7703875773985929,1.7436070270134776,0.9673960681867817
0.1636925649643567,1.0613698809069274,-0.1453940357920929,-1.3507903972578064,1.4781840484957194,1.780108172667612,-0.824450653168863,1.484285795084553,0.8024720866517701,0.3672364687668624
0.7917738196645561,1.0613698809069274,-0.23671804759744425,0.02421553529272932,0.036431812866327,0.805710006497609,-1.137935053942914,1.0435344007088694,-0.5688632502979071,2.16771526702662
0.5562433491519808,1.0613698809069274,0.4938740468453792,0.2852746026729921,0.5554626176929084,1.0361420052540287,-0.824450653168863,0.7110377347763364,0.13865798756882283,0.45297355439827824
-0.935449630760989,-0.9421786108585558,2.685650330173863,1.2811402548047848,-0.6844443049483662,-0.6690547855434781,0.2727447495403119,-0.835458385840095,-0.36044318238572026,-1.090293986967226
0.1636925649643567,-0.9421786108585558,0.2655640173319956,0.2852746026729921,1.1609985566572538,1.009806919681865,1.5266823526365123,-0.835458385840095,-0.7215519447390681,-1.2617681582300597
-0.7784293170859381,1.0613698809069274,-0.054070023986737326,1.4234067765378977,0.8438130648187864,1.4245845174434209,-1.3730483545234515,2.2575338553927695,0.5339308453033792,1.481818581975283
0.47773319231445643,1.0613698809069274,-0.6933381066242117,-0.14152496252634375,-0.33842376839731114,0.3909324087360531,-0.6677084527818373,-0.0622103255318783,-1.5767994944776218,-0.7473456444415583
-0.8569394739234646,1.0613698809069274,0.06008499076995239,0.7120741678723321,-0.22308358954695948,0.14074909580050993,-0.9811928535558886,0.7110377347763364,0.3159677339886202,-0.061448959390221054
-0.8569394739234646,-0.9421786108585558,0.17424000552664423,-0.9951240929250238,-1.232310154487535,-1.0969999260911136,-0.1974818516207627,-0.835458385840095,-0.36044318238572026,-0.9188198157043921
1.1843246038521802,1.0613698809069274,-0.6933381066242117,0.14300808093987946,0.41128739412996934,0.4633538940594976,0.7429713507013865,-0.835458385840095,-0.6436807105740749,-1.2617681582300597
0.8702839765020804,1.0613698809069274,-0.8531551272835802,1.0677404722051147,1.6223592720586586,2.4648203975438325,-0.824450653168863,1.484285795084553,-0.4969087030425081,-0.3186602162844728
0.2422027218018811,1.0613698809069274,0.01442298486727566,1.138873733071672,0.5842976624054957,0.37776486594997133,0.8997135510884121,-0.835458385840095,0.05219801434151443,1.481818581975283
-0.542898846573365,1.0613698809069274,-0.5791830918675197,0.8543406896054447,-1.1169699756371831,-0.9850758124094239,-0.4325951522013,-0.835458385840095,-0.0014338895809428462,0.3672364687668624
-0.935449630760989,-0.9421786108585558,-1.4467612040183777,-0.9951240929250238,-0.7709494390861282,-0.8929030129068576,1.0564557514754376,-0.835458385840095,-1.2011853061523645,-0.3186602162844728
0.47773319231445643,1.0613698809069274,-0.8759861302349186,-0.14152496252634375,-1.0016297967868315,-0.6822223283295576,0.2727447495403119,-0.835458385840095,-2.1535810377291082,-1.4332423294928935
0.32071287863940545,-0.9421786108585558,-1.035803150894287,-0.07039170165978847,-0.396093857822488,-0.8863192415138157,0.7429713507013865,-0.835458385840095,0.5474819669350317,0.5387106400296962
0.8702839765020804,-0.9421786108585558,-0.7161691095755521,-1.3031311124772138,1.6800293614838333,1.0888121763983536,1.2131979518624634,-0.21685993759352165,0.9181337726909496,-1.2617681582300597
0.32071287863940545,1.0613698809069274,0.01442298486727566,-0.14152496252634375,-0.10774341069660993,0.24608943808915992,-1.0595639537494004,0.7110377347763364,0.4495703416246371,-0.8330827300729742
-0.542898846573365,-0.9421786108585558,0.9276631029208102,1.8502063417372376,-0.3672588131098985,-0.7283087280808429,1.5266823526365123,-0.835458385840095,-0.7482724662662706,-0.23292313065305484
-0.4643886897358406,-0.9421786108585558,-1.1956201715536556,-1.1373906146581365,-1.3764853780504738,-1.189172725593682,0.2727447495403119,-0.835458385840095,-1.5767994944776218,-0.14718604502163898
1.4198550743647533,-0.9421786108585558,-0.8531551272835802,-0.5683245277256838,-0.6556092602357787,-0.5373793576826666,0.19437364934679807,-0.835458385840095,-0.5934843022765434,0.02428812624119274
-0.6214090034108893,1.0613698809069274,-0.37370406530547656,-0.6394577885922411,0.09410190229150386,0.0024898965466607905,0.8997135510884121,-0.835458385840095,-0.5205754506808894,0.1957622975040286
-0.15034806238574086,1.0613698809069274,-0.28238005350012096,0.2141413418064368,-0.4537639472476628,-0.3069473589262472,-0.4325951522013,-0.0622103255318783,0.2050775696507278,1.3960814963438652
-1.5635308854611865,1.0613698809069274,-1.9262122659964833,-1.5641901798574764,-0.8862896179364799,-0.5242118148965849,-0.6677084527818373,-0.0622103255318783,-0.2957413481162792,-1.1760310725986418
1.7338957017148529,1.0613698809069274,-0.5791830918675197,-0.7817243103253538,-1.4629905121882358,-0.9587407268372623,-0.824450653168863,-0.0622103255318783,-0.8876008999438295,-0.14718604502163898
0.2422027218018811,-0.9421786108585558,0.4482120409427025,1.0677404722051147,0.18060703642926812,-0.5834657574339497,0.8213424508949003,-0.835458385840095,1.1202554319574376,-0.5758714731787246
0.47773319231445643,-0.9421786108585558,1.2701281471908836,1.0677404722051147,-0.7132793496609534,-1.0114108979815875,-0.5893373525883256,-0.0622103255318783,1.1202554319574376,-0.14718604502163898
1.49836523120228,1.0613698809069274,-0.19105604169476753,0.9966072113385573,1.2763387355076035,-0.07651536016982564,-1.137935053942914,2.2575338553927695,2.6759623674448196,1.1388702394496155
-0.6214090034108893,-0.9421786108585558,1.658255197363636,2.0159468395563147,-0.05007332127143307,0.397516180129093,-0.3542240520077883,0.06150936411743428,-0.6436807105740749,0.71018481129253
-0.30736837606078965,-0.9421786108585558,1.2472971442395453,1.0677404722051147,1.016823333094315,0.6345319502785522,-0.3542240520077883,0.7110377347763364,1.4445280467768542,0.11002521187261068
1.4198550743647533,-0.9421786108585558,1.155973132434194,1.4945400374044546,-0.2807536789721364,-0.8073139847973292,-0.6677084527818373,-0.0622103255318783,1.560380593684084,0.71018481129253
1.341344917527229,1.0613698809069274,-0.5791830918675197,0.2141413418064368,1.3628438696453677,1.0361420052540287,0.6646002505078749,-0.0622103255318783,0.7784236172772885,0.3672364687668624
0.39922303547693205,-0.9421786108585558,0.06008499076995239,-0.5683245277256838,0.49779252826773357,0.23292189530307814,1.4483112524430006,-0.835458385840095,-0.5205754506808894,-1.004556901335808
2.3619769564150523,1.0613698809069274,0.10574699667262911,0.5698076461392194,-0.5691041260980144,-0.13576930270719048,-0.9811928535558886,0.7110377347763364,0.01650703201589436,1.567555667606699
-0.22885821922326524,1.0613698809069274,-0.6248450977701965,0.14300808093987946,1.016823333094315,0.7991262351045672,-0.5893373525883256,0.7110377347763364,1.3574954909453911,-0.9188198157043921
-1.0139597875985134,1.0613698809069274,-1.035803150894287,-0.3549247451260137,-0.828619528511305,-0.5044605007174633,0.03763144895977247,-0.835458385840095,-1.342804070246542,-0.8330827300729742
1.1058144470146558,-0.9421786108585558,-0.12256303284075243,-0.6629317646782036,-0.9727947520742442,-1.2089240397728034,-0.27585295181427444,-0.5493566035260549,0.7295632350561163,0.45297355439827824
-0.22885821922326524,1.0613698809069274,-0.8759861302349186,-0.8528575711919112,-0.16541350012178474,0.35801355177084976,-1.3730483545234515,1.484285795084553,0.3465054728768529,-1.4332423294928935
-0.30736837606078965,-0.9421786108585558,-1.4239302010670394,-1.4695829429049565,0.036431812866327,0.37118109455693155,-0.040739651233737136,-0.1550000927688643,-0.6692560668929703,-1.090293986967226
0.47773319231445643,-0.9421786108585558,1.4527761708015905,0.49867438527266217,-0.7132793496609534,-0.2871960447471235,-0.6677084527818373,-0.0622103255318783,-0.427435347071782,-0.23292313065305484
1.0273042901771292,-0.9421786108585558,0.5395360527480559,-0.5448505516397213,0.49779252826773357,0.4040999515221328,-1.2946772543299399,1.6698653295585248,1.4867082986162254,0.6244477256611121
0.32071287863940545,-0.9421786108585558,0.471043043894043,-0.4971912668591284,-0.5114340366728397,-0.5307955862896248,-0.6677084527818373,-0.0622103255318783,0.7541842870347546,0.6244477256611121
-2.1131019833238613,-0.9421786108585558,-1.8120572512397917,0.14300808093987946,-2.155031585290344,-1.887052493255982,-0.27585295181427444,-1.6087064461483138,-1.342804070246542,-0.7473456444415583
-1.1709801012735621,-0.9421786108585558,1.4756071737529288,-1.5641901798574764,-0.3095887236847238,-0.010677646239420984,0.11600254915328631,-0.4565668362890688,-1.0070798033440371,0.02428812624119274
1.2628347606897046,1.0613698809069274,0.8363390911154547,0.2141413418064368,0.8726481095313738,1.5035897741599094,-0.7460795529753512,0.7110377347763364,-0.25375195714496035,-0.6616085588101404
0.2422027218018811,1.0613698809069274,-0.5106900830135046,-0.6394577885922411,0.23827712585444288,0.6147806360994307,-0.4325951522013,0.7110377347763364,-0.15278655794574247,-0.061448959390221054
-0.07183790554821648,1.0613698809069274,1.4756071737529288,1.9924728634703501,1.8530396297593617,1.6023463450555175,-0.4325951522013,1.484285795084553,1.4701034030957474,0.45297355439827824
-0.7784293170859381,-0.9421786108585558,-1.2869441833590092,0.0007415592067668171,-1.1169699756371831,-1.6237016375343594,1.4483112524430006,-1.6087064461483138,-0.4734328162721811,0.2814993831354445
1.49836523120228,-0.9421786108585558,1.4299451678502522,0.7597334526529248,0.46895748355514616,0.04857629629794384,-0.7460795529753512,0.8115599826164045,1.6000796542387865,2.16771526702662
1.7338957017148529,1.0613698809069274,0.10574699667262911,-0.11805098644038126,2.314400345160766,2.4779879403299123,-0.6677084527818373,1.9173047088571542,1.1202554319574376,0.11002521187261068
0.7917738196645561,1.0613698809069274,0.3112260232346723,0.42754112440610686,0.8438130648187864,0.9637205199305819,-0.9028217533623769,1.484285795084553,1.0166179806055011,0.2814993831354445
-1.1709801012735621,-0.9421786108585558,1.110311126531515,-0.5683245277256838,-1.1458050203497705,-0.6953898711156394,-0.27585295181427444,-0.835458385840095,-1.5767994944776218,-1.2617681582300597
1.0273042901771292,-0.9421786108585558,-0.9216481361375952,2.134739385203463,0.7573079306810243,-0.5242118148965849,3.7994442582483785,-1.6087064461483138,-0.2957413481162792,0.2814993831354445
0.6347535059895052,-0.9421786108585558,0.8135080881641185,1.5656732982710102,0.382452349417382,0.8122937778906489,-0.5893373525883256,0.7110377347763364,-0.0567835413158619,2.42492652392087
-0.07183790554821648,-0.9421786108585558,1.407114164898916,-0.14152496252634375,2.51624565814888,2.7545063388376163,-0.5109662523948139,1.8090499804140039,0.9404644942529695,-0.061448959390221054
-1.4850207286236619,-0.9421786108585558,-1.2869441833590092,0.6409409070057748,-1.0592998862120082,-1.024578440767669,-0.1974818516207627,-0.835458385840095,0.01650703201589436,0.45297355439827824
-1.0139597875985134,-0.9421786108585558,-1.0586341538456254,-0.4260580059925711,0.007596768153741708,-0.32011490171232687,1.4483112524430006,-0.835458385840095,-0.5446239200553732,0.3672364687668624
-0.07183790554821648,1.0613698809069274,-0.5563520889161814,1.0677404722051147,0.5842976624054957,0.647699493064634,0.6646002505078749,-0.0622103255318783,-0.4734328162721811,0.71018481129253
0.32071287863940545,1.0613698809069274,1.4984381767042694,1.5656732982710102,-0.16541350012178474,0.1341653244074701,-0.11911075142724886,-0.0622103255318783,-0.5205754506808894,1.2246073250810314
-1.7990613559737618,-0.9421786108585558,-1.7663952453371148,-0.8528575711919112,0.06526685757891648,-0.3727850728566519,1.5266823526365123,-0.835458385840095,-0.25375195714496035,-1.947664843281397
-1.2494902581110887,-0.9421786108585558,1.9322272327796963,-0.4260580059925711,0.32478225999220717,0.5094402938107827,-0.5893373525883256,0.5254582003023642,0.5201888628036746,0.7959218969239458
1.8124058585523775,1.0613698809069274,0.9048320999694698,-0.14152496252634375,-0.9439597073616567,-0.7019736425086793,-0.6677084527818373,-0.0622103255318783,0.03444795361272946,-0.5758714731787246
-0.4643886897358406,-0.9421786108585558,0.06008499076995239,1.9924728634703501,0.12293694700409126,-0.41887147260793495,1.3699401522494867,-0.835458385840095,0.23733305635142224,0.1957622975040286
-1.1709801012735621,-0.9421786108585558,-1.218451174504994,-0.7817243103253538,1.8818746744719492,-0.05018027459766419,0.19437364934679807,0.7110377347763364,2.7461991668877546,0.02428812624119274
0.32071287863940545,-0.9421786108585558,-1.0129721479429488,-0.14152496252634375,-1.5783306910385877,-1.2747617537032103,-0.27585295181427444,-0.835458385840095,-1.1017467938975583,0.3672364687668624
0.7917738196645561,1.0613698809069274,-0.6705071036728733,-1.5641901798574764,-0.25191863425954897,-0.24769341638888032,0.11600254915328631,-0.0622103255318783,0.05219801434151443,-0.6616085588101404
0.08518240812683231,1.0613698809069274,0.6993530734074266,-0.046917725573823905,3.208286731250988,4.1963522739135,-1.2946772543299399,3.8736223014369426,0.30050800367645375,1.481818581975283
-0.38587853289831403,-0.9421786108585558,-0.32804205940279774,2.7038054721359153,-0.1942485448343721,-0.06334781738374597,0.42948694992733544,-0.835458385840095,-0.7753747095295778,-0.6616085588101404
1.1843246038521802,1.0613698809069274,0.17424000552664423,0.9966072113385573,-0.07890836598402044,-0.24110964499584048,-0.9028217533623769,0.7110377347763364,1.2473687700797056,0.6244477256611121
-0.6999191602484137,-0.9421786108585558,0.08291599372128865,-0.21265822339290114,0.41128739412996934,0.16050040997963155,1.605053452830026,-0.835458385840095,-0.8876008999438295,-0.9188198157043921
0.08518240812683231,-0.9421786108585558,-1.0586341538456254,-0.2837914842594585,0.036431812866327,-0.1226017599211108,1.3699401522494867,-0.835458385840095,-1.1017467938975583,-1.2617681582300597
0.39922303547693205,-0.9421786108585558,-0.7618311154782267,1.1153997569857075,1.4205139590705447,1.576011259483356,-0.11911075142724886,0.6801078123640076,0.4923231760681627,1.3960814963438652
-0.7784293170859381,1.0613698809069274,-0.5791830918675197,-0.3783987212119783,0.036431812866327,-0.04359650320462436,0.19437364934679807,-0.3328471466397542,0.2848574124962351,0.7959218969239458
-0.6214090034108893,-0.9421786108585558,1.8409032209743428,-0.5448505516397213,0.46895748355514616,0.911050348786257,-0.6677084527818373,0.7110377347763364,0.03444795361272946,1.567555667606699
0.2422027218018811,-0.9421786108585558,0.10574699667262911,-1.1850498994387293,-1.5783306910385877,-1.380102095991858,-0.4325951522013,-0.7967959828246842,-0.40472290377365766,-1.947664843281397
0.7917738196645561,1.0613698809069274,-0.6705071036728733,-0.8528575711919112,-0.6844443049483662,-0.4912929579313815,-0.1974818516207627,-0.0622103255318783,-0.2957413481162792,0.02428812624119274
0.9487941333396048,1.0613698809069274,1.2472971442395453,0.6174669309198123,0.6131327071180852,-0.978492041016384,-1.137935053942914,1.484285795084553,2.771774523206648,2.767874866446538
-0.22885821922326524,-0.9421786108585558,0.1970710084779805,-1.2085238755246939,-0.5114340366728397,-0.8863192415138157,0.6646002505078749,-0.835458385840095,0.33123660343273664,-0.14718604502163898
0.6347535059895052,1.0613698809069274,0.9504941058721466,-0.3549247451260137,0.44012243884255675,1.0822284050053117,-1.216306154136426,1.484285795084553,0.10449389218761229,0.11002521187261068
1.0273042901771292,1.0613698809069274,1.6810862003149742,0.42754112440610686,0.9303181989565507,1.365330574906056,-1.137935053942914,1.484285795084553,0.653600609571639,0.9673960681867817
1.7338957017148529,-0.9421786108585558,0.6765220704560861,0.14300808093987946,1.1033284672320771,1.2073200614730832,-0.3542240520077883,0.7110377347763364,0.7045604613413776,1.3960814963438652
1.7338957017148529,1.0613698809069274,-0.00840801808406271,0.7120741678723321,2.660420881711821,1.931534914707545,0.42948694992733544,0.7110377347763364,1.7436070270134776,-0.6616085588101404
0.9487941333396048,1.0613698809069274,0.08291599372128865,1.138873733071672,1.3628438696453677,1.8920322863493015,-0.824450653168863,1.484285795084553,0.30050800367645375,-0.23292313065305484
0.8702839765020804,1.0613698809069274,-0.35087306235413607,-0.3783987212119783,-0.10774341069660993,0.19341926694483494,-0.27585295181427444,-0.046745364325713974,-0.2745557917625665,0.02428812624119274
0.9487941333396048,-0.9421786108585558,0.790677085212778,0.9254739504720021,0.15177199171667866,-0.4912929579313815,0.19437364934679807,-0.2709873018150968,1.3214227868836685,1.1388702394496155
0.39922303547693205,1.0613698809069274,2.183368265244418,1.4234067765378977,-0.7421143943735407,-0.5439631290757065,-0.5109662523948139,-0.0622103255318783,0.05219801434151443,0.7959218969239458
-0.38587853289831403,1.0613698809069274,2.6628193272225262,1.9924728634703501,0.3536173047047946,0.3843486373430112,-0.4325951522013,0.7110377347763364,0.7045604613413776,0.02428812624119274
-0.15034806238574086,-0.9421786108585558,1.3386211560448988,0.7120741678723321,-0.02123827655884568,0.3316784661986862,-0.27585295181427444,0.007381999895859102,-0.40472290377365766,0.6244477256611121
0.7132636628270317,1.0613698809069274,-0.6705071036728733,0.0718748200733221,1.9683798086097133,1.8459458865980185,0.7429713507013865,-0.0622103255318783,0.47819947183235567,-0.8330827300729742
0.8702839765020804,-0.9421786108585558,-0.19105604169476753,0.5698076461392194,-0.8862896179364799,-0.9982433551955057,1.1348268516689495,-1.6087064461483138,-1.5357644078465602,0.45297355439827824
-0.935449630760989,-0.9421786108585558,0.973325108823485,1.2100069939382274,2.689255926424409,2.7084199390863333,-0.5109662523948139,2.2575338553927695,1.3122614652171987,0.7959218969239458
-0.15034806238574086,1.0613698809069274,-0.2138870446461059,-0.07039170165978847,-0.6844443049483662,-1.3208481534544931,-0.7460795529753512,-0.0622103255318783,1.6619185754874584,0.11002521187261068
-0.6999191602484137,1.0613698809069274,1.224466141288207,0.0007415592067668171,0.2671121705670303,0.6806183500298375,-0.9028217533623769,0.7110377347763364,0.2848574124962351,0.11002521187261068
-1.4065105717861377,-0.9421786108585558,-0.7390001125268884,-0.7105910494587964,0.036431812866327,0.5226078365968645,-0.5109662523948139,-0.0622103255318783,-0.4969087030425081,-1.2617681582300597
-1.1709801012735621,1.0613698809069274,-1.3554371922130242,0.2141413418064368,-0.16541350012178474,-0.7546438136530043,2.6238777553456893,-1.6087064461483138,-1.843432127145499,0.02428812624119274
-2.1916121401613857,-0.9421786108585558,-0.533521085964843,-1.3507903972578064,-1.2034751097749474,-1.2484266681310467,0.2727447495403119,-0.835458385840095,-0.40472290377365766,-1.090293986967226
-1.1709801012735621,-0.9421786108585558,-0.30521105645145935,-1.279657136391249,0.007596768153741708,0.1868354955517951,0.2727447495403119,-0.0622103255318783,-0.5934843022765434,-1.090293986967226
-1.5635308854611865,1.0613698809069274,-1.6294092276290848,-0.8528575711919112,-1.0592998862120082,-0.3003635875332053,-0.824450653168863,-0.0622103255318783,-2.04459948207173,-0.7473456444415583
1.1058144470146558,1.0613698809069274,-0.23671804759744425,0.9966072113385573,1.0744934225194898,-0.3859526156427337,-0.27585295181427444,0.7110377347763364,2.4732681255741773,-0.4043973019158887
-1.9560816696488126,-0.9421786108585558,-0.9216481361375952,-0.4260580059925711,-1.3764853780504738,-1.5446963808178729,0.19437364934679807,-0.835458385840095,-0.0014338895809428462,-0.6616085588101404
0.1636925649643567,-0.9421786108585558,0.3112260232346723,0.0718748200733221,0.2094420811418555,0.23950566669612008,-0.5893373525883256,0.7110377347763364,0.7904478519645293,2.42492652392087
1.0273042901771292,1.0613698809069274,1.8409032209743428,1.7790730808706803,0.7573079306810243,0.46993766545253957,-0.5109662523948139,0.7110377347763364,1.3574954909453911,2.682137780815122
-0.38587853289831403,1.0613698809069274,0.01442298486727566,0.2852746026729921,0.46895748355514616,-0.19502324524455528,-0.5109662523948139,0.7110377347763364,1.765365165971343,1.6532927532381168
-1.642041042298713,1.0613698809069274,1.1331421294828534,-0.8528575711919112,1.1321635119446647,1.1348985761496366,-0.9028217533623769,1.484285795084553,1.2567209526142256,-0.7473456444415583
-1.328000414948613,1.0613698809069274,-1.035803150894287,-0.4971912668591284,-1.4918255569008254,-1.1957564969867238,-0.11911075142724886,-0.835458385840095,-1.342804070246542,-1.1760310725986418
0.9487941333396048,1.0613698809069274,-0.7846621184295651,1.2811402548047848,-0.07890836598402044,-0.017261417632460817,-0.1974818516207627,-0.0622103255318783,0.30050800367645375,1.1388702394496155
-1.642041042298713,-0.9421786108585558,-0.533521085964843,-0.14152496252634375,-0.4249289025350754,-0.2806122733540837,0.35111584973382365,-0.835458385840095,-0.8307243612644967,-0.6616085588101404
-0.542898846573365,-0.9421786108585558,0.8135080881641185,-0.2837914842594585,-0.1942485448343721,-0.004093874846379043,-0.040739651233737136,-0.0622103255318783,-0.2745557917625665,-0.8330827300729742
-1.642041042298713,-0.9421786108585558,-0.2595490505487847,-0.14152496252634375,-1.3764853780504738,-1.182588954200642,-0.040739651233737136,-0.835458385840095,-0.9168026127557007,-0.061448959390221054
1.1843246038521802,1.0613698809069274,0.4253810379913642,1.138873733071672,-0.13657845540919733,0.397516180129093,-0.6677084527818373,-0.0622103255318783,-0.5205754506808894,0.45297355439827824
-1.877571512811286,-0.9421786108585558,0.4025500350400279,-0.5683245277256838,0.12293694700409126,0.43043503709429637,-0.040739651233737136,-0.0622103255318783,-0.5205754506808894,0.02428812624119274
-0.542898846573365,-0.9421786108585558,-0.37370406530547656,-0.2837914842594585,0.44012243884255675,0.8847152632140955,-0.9028217533623769,0.7110377347763364,0.26920682131601426,-0.23292313065305484
0.7917738196645561,1.0613698809069274,0.1514090025753037,0.8543406896054447,-0.8862896179364799,-0.42545524400097684,-0.824450653168863,-0.0622103255318783,-0.40472290377365766,0.11002521187261068
0.7917738196645561,1.0613698809069274,-0.32804205940279774,-0.3549247451260137,-0.7421143943735407,-0.44520655818009847,-0.27585295181427444,-0.0622103255318783,-0.5688632502979071,-0.061448959390221054
1.2628347606897046,1.0613698809069274,1.589762188509621,0.49867438527266217,0.036431812866327,0.37118109455693155,-1.137935053942914,0.7110377347763364,0.6013047317255412,0.8816589825553638
-1.7205511991362372,-0.9421786108585558,-0.898817133186257,-1.706456701590589,-2.0973614958651687,-2.354500262161863,0.5078580501208493,-1.6087064461483138,-0.45033865123795436,-1.090293986967226
1.890916015389904,-0.9421786108585558,0.10574699667262911,0.49867438527266217,0.6419677518306727,0.20000303833787478,1.3699401522494867,-0.835458385840095,0.1720586394778265,0.6244477256611121
1.4198550743647533,-0.9421786108585558,0.7450150793101032,-1.066257353791579,-0.4825989919602502,-0.7085574139017212,1.0564557514754376,-0.835458385840095,-0.5688632502979071,-0.8330827300729742
0.32071287863940545,-0.9421786108585558,-0.5563520889161814,0.7120741678723321,-0.13657845540919733,-0.05018027459766419,-0.27585295181427444,-0.0622103255318783,0.30050800367645375,0.2814993831354445
0.9487941333396048,-0.9421786108585558,-0.44219707415948956,0.42754112440610686,0.5842976624054957,-0.2674447305680019,2.153651154184615,-0.835458385840095,0.3465054728768529,-0.3186602162844728
-2.034591826486337,-0.9421786108585558,-1.7663952453371148,-1.2085238755246939,-1.2611451992001221,-1.4130209529570614,1.0564557514754376,-1.6087064461483138,-1.4176215305227118,-0.4901343875473066
1.0273042901771292,1.0613698809069274,0.0372539878186119,1.4234067765378977,-0.16541350012178474,0.2987596092334849,-1.137935053942914,0.7110377347763364,0.25336536926774333,0.71018481129253
1.6553855448773287,1.0613698809069274,-0.5563520889161814,-0.9005168559725039,0.15177199171667866,1.1283148047565947,-1.4514194547169654,1.6853302907646892,-0.8028586745289871,1.1388702394496155
0.2422027218018811,1.0613698809069274,-0.031239021035403193,-0.2603175081734939,0.8438130648187864,1.220487604259165,-0.824450653168863,1.1672540903581843,0.47819947183235567,0.6244477256611121
-0.6999191602484137,1.0613698809069274,-0.00840801808406271,-0.14152496252634375,1.3628438696453677,1.0558933194331501,-0.9811928535558886,2.2575338553927695,1.7291016010415683,0.02428812624119274
-1.0924699444360377,-0.9421786108585558,0.06008499076995239,0.2141413418064368,-0.7709494390861282,-0.3727850728566519,-0.3542240520077883,-0.0622103255318783,-0.858971769736113,-0.4901343875473066
-0.6214090034108893,-0.9421786108585558,-1.4467612040183777,-2.3466560493895967,-1.030464841499419,-0.8534003845486124,0.03763144895977247,-0.835458385840095,-0.7753747095295778,-0.23292313065305484
-0.15034806238574086,1.0613698809069274,-0.7390001125268884,-0.3549247451260137,0.18060703642926812,0.35801355177084976,0.35111584973382365,-0.0622103255318783,-0.6184870759912819,-1.6047165007557274
0.006672251289307909,-0.9421786108585558,-0.2138870446461059,-1.3507903972578064,-0.7997844837987178,-0.49787672932442345,0.11600254915328631,-0.835458385840095,-1.3798310786485233,-1.1760310725986418
0.7132636628270317,1.0613698809069274,-0.07690102693807781,-0.2837914842594585,0.8149780201061991,0.3053433806265247,1.6834245530235379,-0.835458385840095,0.06975721420224926,-2.033401928912813
0.7132636628270317,-0.9421786108585558,-0.8531551272835802,-0.2837914842594585,0.2094420811418555,0.12758155301443028,-0.11911075142724886,-0.0622103255318783,0.6276435315166413,1.9962410957637844
0.5562433491519808,-0.9421786108585558,1.0189871147261615,-1.1608645907441009,-0.05007332127143307,0.8715477204280138,-1.216306154136426,1.0976617649304445,-1.1343840023343572,-0.14718604502163898
-0.935449630760989,1.0613698809069274,-0.6705071036728733,-0.07039170165978847,0.46895748355514616,0.7859586923184875,0.2727447495403119,-0.0622103255318783,-0.8876008999438295,1.3103444107124493
-0.935449630760989,1.0613698809069274,-1.1727891686023173,-0.8528575711919112,-1.751340959314116,-1.492026209673548,-0.040739651233737136,-0.835458385840095,-1.5357644078465602,-0.6616085588101404
0.47773319231445643,1.0613698809069274,1.2701281471908836,1.2576662787188202,0.5266275729803209,-0.7414762708669225,-1.92164605587804,3.247291372587287,2.7675755841095158,1.6532927532381168
0.9487941333396048,1.0613698809069274,1.407114164898916,0.14300808093987946,-0.33842376839731114,0.1144140102283485,-1.6081616551039888,1.484285795084553,0.653600609571639,-0.4043973019158887
-1.2494902581110887,-0.9421786108585558,-1.7435642423857765,-1.7775899624571463,-0.7709494390861282,-0.7612275850460462,0.7429713507013865,-0.835458385840095,-1.2011853061523645,-2.8907727852269836
-1.0139597875985134,1.0613698809069274,-0.5563520889161814,1.2100069939382274,0.12293694700409126,0.3316784661986862,-1.137935053942914,1.484285795084553,0.8610663731435667,0.2814993831354445
-0.38587853289831403,-0.9421786108585558,-1.149958165650979,-0.7105910494587964,-0.9151246626490673,-0.7480600422599644,0.42948694992733544,-0.835458385840095,-1.456175425869105,-0.6616085588101404
0.9487941333396048,-0.9421786108585558,1.4756071737529288,0.0007415592067668171,-0.1942485448343721,-0.004093874846379043,0.35111584973382365,-0.835458385840095,-0.8876008999438295,-1.5189794151243114
-2.27012229699891,1.0613698809069274,-0.533521085964843,-0.4971912668591284,-1.809011048739291,-1.4064371815640215,-0.3542240520077883,-0.835458385840095,-1.6615417198924667,-1.5189794151243114
-1.7990613559737618,1.0613698809069274,0.8591700940667951,-0.4260580059925711,0.8438130648187864,1.2270713756522047,-1.4514194547169654,2.2575338553927695,0.9626043549469372,-0.8330827300729742
-0.15034806238574086,-0.9421786108585558,0.8820010970181315,1.7790730808706803,0.2959472152796177,0.16708418137267347,-0.27585295181427444,-0.0622103255318783,0.8610663731435667,-0.4043973019158887
0.32071287863940545,-0.9421786108585558,-0.6476761007215349,-0.21265822339290114,-0.07890836598402044,-0.18843947385151547,0.9780846512819238,-0.835458385840095,-0.6692560668929703,-0.9188198157043921
1.0273042901771292,1.0613698809069274,-0.6933381066242117,-1.0427833777056166,1.0456583778069022,-0.06993158877678582,2.8589910559262273,-1.1292926487572172,0.4207503505488683,0.3672364687668624
1.1058144470146558,-0.9421786108585558,-0.4878590800621684,-1.5641901798574764,-0.828619528511305,-0.7743951278321259,-0.11911075142724886,-0.835458385840095,-0.03827003711487217,-1.1760310725986418
0.47773319231445643,1.0613698809069274,-0.4650280771108279,-0.7817243103253538,-0.2807536789721364,-0.3003635875332053,1.291569052055975,-0.835458385840095,-2.04459948207173,-0.4043973019158887
0.8702839765020804,1.0613698809069274,0.21990201142932098,0.7832074287388895,1.1609985566572538,0.9505529771445002,0.11600254915328631,-0.0622103255318783,0.9293945639059877,-0.061448959390221054
0.2422027218018811,1.0613698809069274,-1.5609162187750696,-0.9951240929250238,-1.0592998862120082,-2.0253116925098333,2.5455066551521774,-1.6087064461483138,-0.45033865123795436,-0.8330827300729742
0.2422027218018811,-0.9421786108585558,0.6765220704560861,0.6644148830917392,0.6419677518306727,0.5884455505272692,-0.040739651233737136,0.1774965731636668,0.6276435315166413,0.5387106400296962
-1.0139597875985134,-0.9421786108585558,-0.8531551272835802,-0.5683245277256838,-0.3095887236847238,0.03540875351186207,-0.6677084527818373,-0.0622103255318783,-0.0014338895809428462,-0.8330827300729742
-1.5635308854611865,-0.9421786108585558,-1.2641131804076708,-1.706456701590589,-0.9439597073616567,-0.5900495288269896,-0.9028217533623769,-0.0622103255318783,-0.0014338895809428462,-0.14718604502163898
1.2628347606897046,1.0613698809069274,0.3112260232346723,0.5698076461392194,-0.8574545732238926,-0.5966333002200315,-0.5893373525883256,-0.0622103255318783,-0.07567876725295611,-0.4901343875473066
1.0273042901771292,1.0613698809069274,1.544100182606944,1.3522735156713424,-0.1942485448343721,-0.030428960418542587,-0.9028217533623769,0.7110377347763364,0.6791759658905344,0.3672364687668624
-0.22885821922326524,-0.9421786108585558,-1.2412821774563325,-1.066257353791579,0.46895748355514616,0.9703042913236218,-0.5893373525883256,0.7110377347763364,-0.23313898339540232,-0.4043973019158887
-0.4643886897358406,-0.9421786108585558,1.7724102121203278,-0.7817243103253538,1.9395447638971242,1.8986160577423417,-1.2946772543299399,3.0307819157009863,1.6693621493414643,1.0531331538181974
0.8702839765020804,-0.9421786108585558,-0.2138870446461059,-0.5683245277256838,0.5266275729803209,0.35801355177084976,1.5266823526365123,-0.835458385840095,-1.0379992639683744,-0.6616085588101404
-2.1916121401613857,-0.9421786108585558,-1.4695922069697163,-2.2755227885230416,-1.5494956463260001,-1.5117775238526694,0.35111584973382365,-0.835458385840095,-1.069682168064916,-0.23292313065305484
0.47773319231445643,-0.9421786108585558,-0.8074931213809036,-0.02273241687919605,0.036431812866327,0.7464560639602422,-0.9028217533623769,0.7110377347763364,-0.7215519447390681,1.2246073250810314
0.006672251289307909,1.0613698809069274,0.5167050497967197,-0.21265822339290114,0.5266275729803209,0.8254613206767307,-0.4325951522013,0.7110377347763364,0.1720586394778265,0.02428812624119274
1.49836523120228,-0.9421786108585558,-0.1453940357920929,-0.14152496252634375,1.8530396297593617,2.1817182276430858,0.2727447495403119,0.7110377347763364,-0.21271687051389646,0.5387106400296962
0.6347535059895052,1.0613698809069274,1.155973132434194,1.5656732982710102,1.0456583778069022,-0.24110964499584048,-0.7460795529753512,1.484285795084553,2.4881552732821914,1.8247669245009506
-0.07183790554821648,-0.9421786108585558,-0.8531551272835802,0.42754112440610686,-2.270371764140695,-2.4137542046992277,0.5078580501208493,-1.6087064461483138,-1.0070798033440371,0.45297355439827824
0.08518240812683231,-0.9421786108585558,-0.8074931213809036,0.42754112440610686,0.09410190229150386,0.34484600898476797,0.19437364934679807,-0.0622103255318783,-0.6952131449479682,-1.004556901335808
-1.0924699444360377,-0.9421786108585558,3.3705804187140136,-0.9951240929250238,-0.5979391708106018,-0.3991201584288133,-0.9811928535558886,0.7110377347763364,0.5612239494347363,0.1957622975040286
-1.877571512811286,1.0613698809069274,-0.6933381066242117,-0.4971912668591284,-1.318815288625297,-1.1233350116632772,0.42948694992733544,-0.835458385840095,-2.04459948207173,-0.7473456444415583
0.32071287863940545,-0.9421786108585558,0.33405702618601285,-0.4971912668591284,1.2763387355076035,0.9505529771445002,0.6646002505078749,-0.0622103255318783,0.7541842870347546,-0.061448959390221054
-2.27012229699891,1.0613698809069274,-1.0129721479429488,-0.5683245277256838,-0.5114340366728397,-0.5044605007174633,0.6646002505078749,-0.835458385840095,-0.858971769736113,-1.1760310725986418
0.39922303547693205,1.0613698809069274,0.17424000552664423,0.35640786353954945,0.32478225999220717,0.957136748537542,-1.2946772543299399,1.484285795084553,0.1720586394778265,-1.3475052438614776
0.006672251289307909,-0.9421786108585558,-1.538085215823731,-0.4971912668591284,-0.02123827655884568,-0.004093874846379043,0.586229150314361,-0.835458385840095,-0.4969087030425081,0.11002521187261068
-0.4643886897358406,-0.9421786108585558,-1.0129721479429488,-2.0621230059233717,-1.5783306910385877,-1.2418428967380069,-0.3542240520077883,-0.835458385840095,-1.1017467938975583,-1.004556901335808
0.006672251289307909,1.0613698809069274,-0.1453940357920929,-0.2837914842594585,-0.3095887236847238,-0.27402850196104384,0.19437364934679807,-0.835458385840095,-0.15278655794574247,-1.4332423294928935
0.1636925649643567,-0.9421786108585558,-0.5106900830135046,-0.6871170733728339,-1.030464841499419,-1.4261884957431432,1.6834245530235379,-1.4927192371020817,-1.342804070246542,-0.8330827300729742
0.5562433491519808,1.0613698809069274,1.9550582357310349,1.9924728634703501,-0.7132793496609534,-0.6558872427573964,-0.9028217533623769,-0.0622103255318783,0.7417783306114093,2.16771526702662
-0.935449630760989,1.0613698809069274,0.06008499076995239,-1.1373906146581365,-0.9151246626490673,-0.5571306718617883,-1.6865327552975027,1.484285795084553,0.7417783306114093,0.3672364687668624
-1.7205511991362372,-0.9421786108585558,-1.583747221726408,-1.2085238755246939,-1.751340959314116,-1.5446963808178729,-0.5109662523948139,-0.835458385840095,-0.40472290377365766,-1.7761906720185612
0.7132636628270317,1.0613698809069274,2.6171573213198474,0.5698076461392194,-1.1169699756371831,-0.2542771877819222,-2.1567593564585774,2.2575338553927695,-0.019756532913882432,0.5387106400296962
1.2628347606897046,-0.9421786108585558,-0.054070023986737326,-1.7775899624571463,1.593524227346071,1.6879353731650435,0.11600254915328631,0.7110377347763364,0.46388490672849636,0.5387106400296962
1.1843246038521802,-0.9421786108585558,-1.2641131804076708,-0.18918424730693864,1.1033284672320771,1.0493095480401105,1.2131979518624634,-0.4565668362890688,-0.6184870759912819,0.8816589825553638
0.7132636628270317,-0.9421786108585558,0.3568880291373512,1.138873733071672,0.2671121705670303,-1.129918783056317,-1.4514194547169654,1.484285795084553,2.698102228138787,0.11002521187261068
-0.542898846573365,-0.9421786108585558,1.224466141288207,-0.8528575711919112,-0.8862896179364799,-0.8994867842998975,0.2727447495403119,-0.835458385840095,-0.36044318238572026,0.7959218969239458
0.08518240812683231,1.0613698809069274,-0.6476761007215349,-0.21265822339290114,-0.6556092602357787,-0.5900495288269896,0.19437364934679807,-0.835458385840095,-0.40472290377365766,0.11002521187261068
-0.8569394739234646,1.0613698809069274,1.4756071737529288,-1.2085238755246939,3.237121775963577,3.294375593066944,0.03763144895977247,1.4997507562907173,1.0273061892163804,1.3960814963438652
0.8702839765020804,-0.9421786108585558,-0.2138870446461059,-1.2085238755246939,0.18060703642926812,-0.6427196999713146,3.2508465568937917,-1.6087064461483138,-1.7054397195442994,-0.4043973019158887
1.49836523120228,1.0613698809069274,-0.39653506825681284,0.42754112440610686,0.9303181989565507,1.2007362900800433,0.8213424508949003,-0.0622103255318783,-1.495492764687703,-0.4043973019158887
-1.1709801012735621,-0.9421786108585558,0.608029061602071,-1.5641901798574764,-0.4825989919602502,-0.22135833081671885,-0.040739651233737136,-0.0622103255318783,-0.6692560668929703,-0.061448959390221054
0.9487941333396048,1.0613698809069274,-0.09973202988941406,2.2058726460700204,0.7573079306810243,0.4896889796316612,0.586229150314361,-0.0622103255318783,0.5612239494347363,0.3672364687668624
0.7132636628270317,1.0613698809069274,2.3203542829524486,1.5656732982710102,-0.6556092602357787,-0.6953898711156394,-0.4325951522013,-0.0622103255318783,0.5612239494347363,1.481818581975283
-0.6214090034108893,1.0613698809069274,-0.19105604169476753,-0.8528575711919112,-0.22308358954695948,-0.27402850196104384,1.291569052055975,-0.835458385840095,-1.7502920235363912,-0.5758714731787246
-0.15034806238574086,-0.9421786108585558,1.155973132434194,-0.7817243103253538,-1.0016297967868315,-0.8863192415138157,-1.529790554910477,0.788362540807158,1.0378035369592116,1.1388702394496155
-1.1709801012735621,-0.9421786108585558,-1.3554371922130242,-0.5683245277256838,-0.10774341069660993,-0.08968290295590742,0.6646002505078749,-0.835458385840095,-0.6692560668929703,-1.5189794151243114
0.8702839765020804,1.0613698809069274,1.2701281471908836,-0.8528575711919112,-0.2807536789721364,0.14733286719355188,-0.5893373525883256,-0.0622103255318783,-0.33868504342785716,0.1957622975040286
0.9487941333396048,1.0613698809069274,-0.2138870446461059,-0.7105910494587964,-0.13657845540919733,0.04199252490490191,-0.824450653168863,0.7110377347763364,0.6013047317255412,0.5387106400296962
1.4198550743647533,1.0613698809069274,-0.5791830918675197,-0.8528575711919112,-1.318815288625297,-1.2418428967380069,-0.040739651233737136,-0.835458385840095,-0.427435347071782,0.1957622975040286
0.32071287863940545,-0.9421786108585558,1.5212691796556077,-0.8763315472778738,-0.07890836598402044,-0.2674447305680019,-0.27585295181427444,-0.03128040311954964,0.8727088860947052,0.8816589825553638
0.9487941333396048,-0.9421786108585558,-0.5791830918675197,-0.2837914842594585,0.382452349417382,0.015657439332741035,1.7617956532170518,-0.835458385840095,-0.6952131449479682,-1.6047165007557274
-0.38587853289831403,-0.9421786108585558,-0.2595490505487847,0.0007415592067668171,-0.7709494390861282,-0.7348924994738827,0.2727447495403119,-0.835458385840095,-0.4734328162721811,-0.7473456444415583
0.08518240812683231,1.0613698809069274,-0.2138870446461059,0.42754112440610686,1.1609985566572538,1.5562599453042323,-0.5109662523948139,0.7110377347763364,0.23733305635142224,1.9105040101323687
1.0273042901771292,1.0613698809069274,2.5714953154171707,1.707939820004125,-2.1838666300029335,-2.104316949226322,-1.4514194547169654,-0.0622103255318783,0.7417783306114093,-0.6616085588101404
-1.328000414948613,1.0613698809069274,1.0189871147261615,0.35640786353954945,-0.33842376839731114,-0.6163846143991532,-0.3542240520077883,-0.0622103255318783,1.0166179806055011,-1.2617681582300597
0.2422027218018811,1.0613698809069274,0.7221840763587628,0.9966072113385573,1.1321635119446647,1.576011259483356,-1.4514194547169654,3.0307819157009863,0.9293945639059877,0.9673960681867817
0.7917738196645561,1.0613698809069274,-0.5563520889161814,0.0718748200733221,-0.540269081385427,-0.5373793576826666,0.35111584973382365,-0.835458385840095,-0.36044318238572026,-0.5758714731787246
1.0273042901771292,-0.9421786108585558,1.2472971442395453,-0.4971912668591284,-0.4825989919602502,-1.5117775238526694,-0.9028217533623769,-0.0622103255318783,2.1549121976643573,0.71018481129253
0.39922303547693205,1.0613698809069274,-0.30521105645145935,1.4234067765378977,-0.22308358954695948,0.16708418137267347,-0.824450653168863,0.7110377347763364,0.08731641406298198,0.02428812624119274
0.5562433491519808,-0.9421786108585558,0.10574699667262911,0.7120741678723321,1.6800293614838333,1.5035897741599094,0.35111584973382365,0.7110377347763364,0.8261388342901514,0.1957622975040286
0.1636925649643567,-0.9421786108585558,0.9276631029208102,0.5698076461392194,0.2671121705670303,-0.27402850196104384,0.586229150314361,-0.835458385840095,0.9404644942529695,0.71018481129253
1.4198550743647533,-0.9421786108585558,0.0372539878186119,0.7120741678723321,1.0456583778069022,0.6740345786367976,1.5266823526365123,-0.835458385840095,-0.03827003711487217,0.3672364687668624
-1.1709801012735621,1.0613698809069274,0.790677085212778,-0.8528575711919112,-0.10774341069660993,-0.2542771877819222,0.2727447495403119,-0.835458385840095,0.3159677339886202,0.02428812624119274
-0.4643886897358406,-0.9421786108585558,2.02355124458505,-0.14152496252634375,-0.10774341069660993,-0.4847091865383417,-0.4325951522013,-0.0622103255318783,1.2660731351487475,0.7959218969239458
-1.1709801012735621,1.0613698809069274,2.046382247536388,1.7790730808706803,1.2763387355076035,1.0427257766470683,-1.216306154136426,2.2575338553927695,1.7436070270134776,0.7959218969239458
1.49836523120228,1.0613698809069274,-0.6933381066242117,0.42754112440610686,-0.7709494390861282,-0.9719082696233441,0.7429713507013865,-0.835458385840095,-0.33868504342785716,-0.061448959390221054
-0.38587853289831403,-0.9421786108585558,1.110311126531515,1.4234067765378977,-0.6844443049483662,-0.57029821464787,0.19437364934679807,-0.835458385840095,-0.5934843022765434,-0.23292313065305484
1.576875388039804,-0.9421786108585558,0.6993530734074266,1.9213396026037948,1.2186686460824288,0.44360257988037605,0.5078580501208493,-0.0622103255318783,1.5197272287891244,-0.4901343875473066
-0.6214090034108893,1.0613698809069274,1.2472971442395453,2.2058726460700204,0.2671121705670303,-0.35303375867753023,-0.040739651233737136,-0.0622103255318783,1.4445280467768542,2.767874866446538
0.1636925649643567,-0.9421786108585558,-0.7161691095755521,-0.5683245277256838,0.9014831542439632,-0.20160701663759725,3.4075887572808155,-1.6087064461483138,-0.2745557917625665,-0.8330827300729742
-0.7784293170859381,1.0613698809069274,-1.218451174504994,-0.3549247451260137,-0.1942485448343721,-0.14893684549327227,0.8213424508949003,-0.835458385840095,-1.1343840023343572,0.5387106400296962
-1.0139597875985134,1.0613698809069274,1.3157901530935603,1.4234067765378977,2.80459610527476,2.78084142440978,-0.824450653168863,2.2575338553927695,1.560380593684084,1.7390298388695349
0.39922303547693205,-0.9421786108585558,-0.533521085964843,-1.493056918990919,0.44012243884255675,-0.19502324524455528,2.5455066551521774,-1.6087064461483138,-0.9168026127557007,1.481818581975283
1.576875388039804,-0.9421786108585558,0.6308600645534094,2.0636061243369075,0.9879882883817255,0.7925424637115273,0.35111584973382365,-0.0622103255318783,0.6791759658905344,0.8816589825553638
0.1636925649643567,-0.9421786108585558,-0.30521105645145935,0.5698076461392194,-0.3672588131098985,-0.08968290295590742,-0.9811928535558886,0.7110377347763364,0.46388490672849636,-0.14718604502163898
-0.22885821922326524,1.0613698809069274,-0.00840801808406271,-0.07039170165978847,1.6800293614838333,1.4904222313738276,0.7429713507013865,-0.0622103255318783,0.5339308453033792,1.6532927532381168
0.2422027218018811,-0.9421786108585558,-0.8074931213809036,0.8543406896054447,-0.2807536789721364,0.2888839521439241,-0.5501518024915687,0.10017176713284512,-0.9463860473036764,0.11002521187261068
0.47773319231445643,1.0613698809069274,-0.7161691095755521,-0.8528575711919112,-0.6556092602357787,-0.4386227867870586,-0.27585295181427444,-0.0622103255318783,-0.25375195714496035,0.3672364687668624
-0.22885821922326524,-0.9421786108585558,-0.37370406530547656,1.4234067765378977,0.2671121705670303,0.48310520823861924,0.35111584973382365,-0.0622103255318783,-0.7215519447390681,0.9673960681867817
-0.07183790554821648,-0.9421786108585558,-1.1271271626996406,-0.5683245277256838,-0.16541350012178474,-0.3859526156427337,1.605053452830026,-0.835458385840095,-1.456175425869105,-1.947664843281397
0.6347535059895052,1.0613698809069274,-0.7618311154782267,0.8778146656914092,1.2186686460824288,1.4640871458016662,-0.6677084527818373,1.1981840127705128,0.7169664177647208,1.7390298388695349
-0.935449630760989,1.0613698809069274,0.2655640173319956,-0.14152496252634375,-0.25191863425954897,0.14733286719355188,-1.529790554910477,1.484285795084553,0.7169664177647208,-0.3186602162844728
1.49836523120228,-0.9421786108585558,0.21990201142932098,0.8543406896054447,1.507019093208307,1.1414823475426765,1.1348268516689495,-0.0622103255318783,0.5062560194359176,-0.14718604502163898
-0.6999191602484137,-0.9421786108585558,0.9504941058721466,0.2852746026729921,-0.33842376839731114,-0.9719082696233441,0.03763144895977247,-0.0622103255318783,1.303100143550729,-0.5758714731787246
0.32071287863940545,-0.9421786108585558,-1.3782681951643625,-1.2085238755246939,-1.2034751097749474,-1.0114108979815875,0.19437364934679807,-0.835458385840095,-1.2706586621230929,-1.4332423294928935
-1.642041042298713,1.0613698809069274,-1.6750712335317615,-0.9951240929250238,-0.9727947520742442,-0.6690547855434781,0.11600254915328631,-0.835458385840095,-1.5357644078465602,-0.4043973019158887
-1.0139597875985134,1.0613698809069274,2.8682983537845694,-0.3549247451260137,0.8726481095313738,0.6872021214228774,-0.9028217533623769,1.484285795084553,1.4615146640334322,0.9673960681867817
0.9487941333396048,-0.9421786108585558,1.0646491206288384,-1.1373906146581365,1.3340088249327806,1.3784981176921378,-0.1974818516207627,0.7110377347763364,0.7541842870347546,0.3672364687668624
0.5562433491519808,-0.9421786108585558,-0.19105604169476753,-1.066257353791579,1.593524227346071,1.2073200614730832,0.7429713507013865,-0.0622103255318783,0.8841605381777935,0.2814993831354445
-1.1709801012735621,-0.9421786108585558,-0.23671804759744425,-0.14152496252634375,0.8438130648187864,0.957136748537542,0.586229150314361,-0.0622103255318783,-0.40472290377365766,-0.3186602162844728
1.7338957017148529,1.0613698809069274,-0.09973202988941406,-0.7105910494587964,0.9014831542439632,1.2336551470452446,-0.1974818516207627,0.7110377347763364,-0.03827003711487217,-0.061448959390221054
0.7132636628270317,1.0613698809069274,0.5623670556993944,-0.7105910494587964,-0.9439597073616567,-0.18843947385151547,-1.0595639537494004,-0.0622103255318783,-1.2706586621230929,-0.4901343875473066
0.6347535059895052,1.0613698809069274,-0.2138870446461059,0.0718748200733221,0.32478225999220717,0.595029321920309,0.19437364934679807,-0.1781975345781108,-0.6436807105740749,1.1388702394496155
0.08518240812683231,1.0613698809069274,-0.07690102693807781,0.14300808093987946,-0.07890836598402044,-0.3135311303192871,-0.040739651233737136,-0.0622103255318783,0.7784236172772885,-0.3186602162844728
0.1636925649643567,-0.9421786108585558,-0.4650280771108279,-1.1373906146581365,0.6708027965432599,0.45018635127341794,1.2131979518624634,-0.835458385840095,-0.25375195714496035,-0.061448959390221054
-1.1709801012735621,1.0613698809069274,-0.898817133186257,-1.4219236581243617,-0.6556092602357787,-0.7612275850460462,0.8213424508949003,-0.835458385840095,-0.7482724662662706,1.3960814963438652
-1.0139597875985134,-0.9421786108585558,0.2883950202833361,-1.5641901798574764,-1.030464841499419,-0.34644998728448834,-0.5893373525883256,-0.0622103255318783,-2.2106484372764914,-1.6047165007557274
1.576875388039804,1.0613698809069274,-0.4650280771108279,0.9254739504720021,1.5646891826334837,0.706953435601999,-0.7460795529753512,1.484285795084553,2.2012913886008585,0.71018481129253
-1.2494902581110887,1.0613698809069274,-1.3097751863103475,-0.7817243103253538,-1.837846093451878,-1.4722748954944263,-0.27585295181427444,-0.835458385840095,-1.6615417198924667,-2.2048761001756465
-0.8569394739234646,-0.9421786108585558,1.3842831619475777,-1.279657136391249,-0.5979391708106018,-0.47154164375225993,-0.1974818516207627,-0.0622103255318783,-0.0567835413158619,0.3672364687668624
0.32071287863940545,-0.9421786108585558,-0.00840801808406271,0.14300808093987946,0.12293694700409126,0.24608943808915992,0.6646002505078749,-0.835458385840095,-0.9765420644558065,0.6244477256611121
-1.642041042298713,-0.9421786108585558,0.8820010970181315,-0.7105910494587964,0.2671121705670303,0.022241210725780294,1.3699401522494867,-0.835458385840095,-0.5934843022765434,-1.004556901335808
0.1636925649643567,1.0613698809069274,-0.07690102693807781,0.42754112440610686,-0.7997844837987178,-0.5044605007174633,-0.11911075142724886,-0.835458385840095,-0.858971769736113,-0.3186602162844728
0.006672251289307909,1.0613698809069274,0.1970710084779805,-0.4260580059925711,-0.33842376839731114,-0.06334781738374597,-0.9811928535558886,0.7110377347763364,0.47819947183235567,0.45297355439827824
0.39922303547693205,-0.9421786108585558,0.06008499076995239,0.9254739504720021,-0.3672588131098985,-1.129918783056317,1.3699401522494867,-0.835458385840095,0.5745842101983387,1.2246073250810314
0.32071287863940545,1.0613698809069274,-1.0129721479429488,0.2141413418064368,-0.6844443049483662,-0.32011490171232687,-0.1974818516207627,-0.0622103255318783,-0.9463860473036764,-0.9188198157043921
-1.0924699444360377,-0.9421786108585558,0.4938740468453792,0.14300808093987946,0.44012243884255675,0.3909324087360531,1.1348268516689495,-0.835458385840095,-0.8876008999438295,0.11002521187261068
-1.0924699444360377,1.0613698809069274,-0.5563520889161814,-0.02273241687919605,-0.9727947520742442,-0.5768819860409099,-1.3730483545234515,0.5873180451270216,0.37647062916093094,0.1957622975040286
0.7132636628270317,-0.9421786108585558,-0.19105604169476753,0.2852746026729921,-0.9151246626490673,-0.767811356439086,-0.040739651233737136,-0.835458385840095,-0.4734328162721811,0.11002521187261068
0.32071287863940545,1.0613698809069274,0.17424000552664423,-0.9239908320584664,-2.0108563617274045,-1.9726415213655104,-0.824450653168863,-0.835458385840095,0.33123660343273664,0.11002521187261068
-0.07183790554821648,-0.9421786108585558,-1.4467612040183777,0.0007415592067668171,-0.05007332127143307,0.08149515326314513,0.2727447495403119,-0.0622103255318783,-0.45033865123795436,-0.5758714731787246
-0.15034806238574086,1.0613698809069274,-0.37370406530547656,-1.4219236581243617,1.0456583778069022,1.6813516017720038,-0.5893373525883256,0.7110377347763364,-0.40472290377365766,0.8816589825553638
-1.4850207286236619,-0.9421786108585558,-1.1956201715536556,-0.5683245277256838,-1.5783306910385877,-1.7092906656438875,1.0564557514754376,-1.6087064461483138,-1.843432127145499,-2.2048761001756465
-0.07183790554821648,-0.9421786108585558,-0.6020140948188601,0.9966072113385573,1.247503690795016,-0.32011490171232687,-0.9811928535558886,1.484285795084553,2.771774523206648,0.3672364687668624
0.8702839765020804,-0.9421786108585558,-1.401099198115701,0.7120741678723321,0.2671121705670303,-1.2023402683797637,3.877815358441892,-1.6087064461483138,-0.03827003711487217,-1.090293986967226
1.4198550743647533,1.0613698809069274,-0.9216481361375952,0.2141413418064368,0.06526685757891648,0.14074909580050993,0.8997135510884121,-0.835458385840095,-1.2706586621230929,-0.4901343875473066
-2.3486324538364367,-0.9421786108585558,-0.28238005350012096,-0.8528575711919112,1.0456583778069022,1.371914346299098,-0.27585295181427444,0.7110377347763364,0.12167137031224265,-0.6616085588101404
1.4198550743647533,1.0613698809069274,-0.35087306235413607,1.1865330178522648,-1.232310154487535,-0.7085574139017212,-1.2946772543299399,0.2625538597975706,-0.13312788853644142,0.9673960681867817
0.08518240812683231,-0.9421786108585558,1.224466141288207,-1.1850498994387293,0.5266275729803209,1.1283148047565947,-0.9028217533623769,1.0589993619150337,-0.11385094086324483,-0.6616085588101404
-1.877571512811286,1.0613698809069274,-0.5106900830135046,0.0007415592067668171,-0.7709494390861282,-0.5373793576826666,0.35111584973382365,-0.835458385840095,-1.5357644078465602,-0.4043973019158887
1.2628347606897046,1.0613698809069274,1.0874801235801768,1.0677404722051147,0.6996378412558475,0.43043503709429637,-0.1974818516207627,0.7110377347763364,1.1303710579641644,-0.061448959390221054
-0.22885821922326524,-0.9421786108585558,-1.3554371922130242,-1.5641901798574764,-0.4825989919602502,-0.26086095917496205,0.11600254915328631,-0.835458385840095,-0.7753747095295778,-1.004556901335808
0.2422027218018811,-0.9421786108585558,0.5167050497967197,1.2811402548047848,2.631585836999232,1.9447024574936267,1.3699401522494867,-0.0622103255318783,1.1799948836575413,-0.4901343875473066
-0.15034806238574086,1.0613698809069274,-0.9216481361375952,-0.9239908320584664,-1.6648358251763518,-1.584199009176116,-0.6677084527818373,-0.835458385840095,0.18866353499830224,-0.23292313065305484
0.47773319231445643,1.0613698809069274,-0.44219707415948956,0.9966072113385573,-1.318815288625297,-1.2681779823101682,0.11600254915328631,-0.835458385840095,-0.5688632502979071,-0.3186602162844728
-1.5635308854611865,-0.9421786108585558,1.9322272327796963,0.2376153178923993,0.44012243884255675,0.911050348786257,0.03763144895977247,-0.00035048070722306583,-1.1674029325072586,-0.061448959390221054
-1.1709801012735621,-0.9421786108585558,-0.054070023986737326,-0.5683245277256838,0.23827712585444288,0.16708418137267347,1.0564557514754376,-0.835458385840095,-0.7753747095295778,0.3672364687668624
-0.4643886897358406,-0.9421786108585558,0.3568880291373512,1.8502063417372376,0.09410190229150386,0.20000303833787478,0.8213424508949003,-0.835458385840095,-1.2357311232696775,0.11002521187261068
-0.6214090034108893,1.0613698809069274,-1.218451174504994,0.49867438527266217,-0.13657845540919733,-0.47812541514529977,1.1348268516689495,-0.835458385840095,-0.13312788853644142,-1.090293986967226
0.006672251289307909,-0.9421786108585558,-1.0129721479429488,-0.7105910494587964,-1.520660601613413,-1.696123122857806,0.9780846512819238,-1.4617893146897527,-1.306349644448715,-1.6904535863871453
-1.0924699444360377,1.0613698809069274,-0.1453940357920929,-0.9951240929250238,-0.4249289025350754,-0.4122877012148951,-1.4514194547169654,1.484285795084553,1.2567209526142256,-0.8330827300729742
-1.4065105717861377,1.0613698809069274,2.000720241633711,2.134739385203463,-0.05007332127143307,-0.08309913156286548,-0.11911075142724886,-0.0622103255318783,0.4495703416246371,1.481818581975283
0.006672251289307909,-0.9421786108585558,-0.12256303284075243,-0.14152496252634375,-0.16541350012178474,-0.4847091865383417,1.1348268516689495,-0.835458385840095,-0.21271687051389646,-0.3186602162844728
0.7917738196645561,1.0613698809069274,0.08291599372128865,0.6409409070057748,0.15177199171667866,0.3843486373430112,-0.5109662523948139,0.7110377347763364,0.2848574124962351,1.2246073250810314
-0.07183790554821648,-0.9421786108585558,-1.401099198115701,0.2141413418064368,0.5842976624054957,0.805710006497609,-0.27585295181427444,0.7110377347763364,0.22130074343510114,-1.1760310725986418
-0.6214090034108893,1.0613698809069274,-0.533521085964843,-0.3549247451260137,0.2959472152796177,0.28559206644740315,0.586229150314361,-0.0622103255318783,-0.25375195714496035,-0.4901343875473066
0.9487941333396048,-0.9421786108585558,-0.16822503874342914,0.2141413418064368,1.3340088249327806,0.35801355177084976,2.0752800539911007,-0.835458385840095,0.8727088860947052,-0.8330827300729742
0.1636925649643567,1.0613698809069274,0.608029061602071,0.8543406896054447,-0.05007332127143307,0.7925424637115273,-1.3730483545234515,1.484285795084553,-0.5205754506808894,0.2814993831354445
0.6347535059895052,-0.9421786108585558,-0.7390001125268884,-0.4971912668591284,-0.9727947520742442,-1.689539351464766,2.2320222543781263,-1.6087064461483138,-0.858971769736113,-1.1760310725986418
1.341344917527229,-0.9421786108585558,0.33405702618601285,0.42754112440610686,0.18060703642926812,0.46993766545253957,-0.7460795529753512,0.7110377347763364,0.3913577768689449,0.1957622975040286
-1.0139597875985134,-0.9421786108585558,-1.583747221726408,-1.706456701590589,1.7665344956215976,0.601613093313351,3.721073158054866,-0.835458385840095,-0.11385094086324483,0.02428812624119274
-1.0924699444360377,-0.9421786108585558,-1.2412821774563325,-0.9239908320584664,-0.9439597073616567,-0.8929030129068576,0.03763144895977247,-0.835458385840095,-0.2745557917625665,0.2814993831354445
0.08518240812683231,-0.9421786108585558,-0.09973202988941406,0.9966072113385573,1.5646891826334837,1.5035897741599094,0.9780846512819238,-0.0622103255318783,-0.0567835413158619,-0.23292313065305484
-0.07183790554821648,-0.9421786108585558,0.6765220704560861,2.5615389504028028,0.5266275729803209,0.5686942363481475,-0.1974818516207627,-0.0622103255318783,0.5339308453033792,1.2246073250810314
-2.1131019833238613,-0.9421786108585558,-1.6522402305804231,-0.9239908320584664,-0.9439597073616567,-0.7151411852947611,0.19437364934679807,-0.835458385840095,-1.2706586621230929,-1.7761906720185612
0.08518240812683231,1.0613698809069274,0.608029061602071,1.707939820004125,-0.7709494390861282,-0.978492041016384,0.35111584973382365,-0.835458385840095,0.1554537439573508,0.2814993831354445
0.6347535059895052,-0.9421786108585558,-0.4650280771108279,-0.14152496252634375,-0.07890836598402044,-0.6032170716130714,1.6834245530235379,-0.835458385840095,-0.25375195714496035,-0.061448959390221054
-0.30736837606078965,-0.9421786108585558,-0.533521085964843,-0.8528575711919112,-0.33842376839731114,0.1144140102283485,-0.3542240520077883,-0.0622103255318783,-0.8307243612644967,-0.8330827300729742
-2.034591826486337,-0.9421786108585558,0.5623670556993944,-0.3549247451260137,0.7861429753936116,0.5423591507759862,1.2131979518624634,-0.835458385840095,-0.13312788853644142,-0.061448959390221054
